<?xml version="1.0"?>
<!DOCTYPE hibernate-mapping PUBLIC
        "-//Hibernate/Hibernate Mapping DTD 3.0//EN"
        "http://www.hibernate.org/dtd/hibernate-mapping-3.0.dtd">
<hibernate-mapping package="buy.domain">
<class name="User" table="user">
<id column="id" type="integer">
<generator class="native" ></generator>
</id>
<property name="uuid" column="user_uuid" type="string"></property>
<property name="username" column="username" type="string"></property>
<property name="password" column="password" type="string"></property>
<property name="telephone" column="telephone" type="string"></property>
<property name="email" column="email" type="string"></property>
</class>

</hibernate-mapping>